0.499235705414197,-2.2204460492503154e-15,-2.7755575615628914e-17,20.000000000000053,6.5511017143543725e-18,-3.6974629525749276
0.4992357054166879,3.372920369329107e-11,-4.410065645998884e-10,19.64120169104178,2.3970646501579596e-08,-3.6974629412204827
0.49923570542758017,1.705480616141438e-10,-2.007930377523337e-09,19.28240338340939,5.808234810288342e-08,-3.697462924963426
0.49923570545495355,5.032927047654896e-10,-5.174764033943902e-09,18.92360507767537,1.0648745920249433e-07,-3.697462901686578
0.4992357055131479,1.2110373844375482e-09,-1.0611357847967184e-08,18.564806774659395,1.751353891745258e-07,-3.6974628683585316
0.49923570562742636,2.6270690793996006e-09,-1.9268177969822275e-08,18.20600847553512,2.725502432723327e-07,-3.6974628206390943
0.49923570584250954,5.364503970446322e-09,-3.249771005076063e-08,17.847210181982927,4.1094335505678127e-07,-3.6974627523146895
0.4992357062375868,1.054186306725132e-08,-5.222828364237486e-08,17.488411896408618,6.078043734421106e-07,-3.6974626544907188
0.49923570695360964,2.0177520623106063e-08,-8.121284450490762e-08,17.129613622256315,8.881756907957832e-07,-3.69746251443672
0.4992357082424239,3.7885021456832776e-08,-1.2338482971441245e-07,16.77081536445609,1.2879017009651862e-06,-3.6974623139359952
0.4992357105557089,7.007504387317485e-08,-1.843669876211429e-07,16.41201713006398,1.8582670402193455e-06,-3.6974620269287213
0.4992357147050796,1.2801265562951305e-07,-2.7219840670333895e-07,16.053218929176715,2.6726109227993324e-06,-3.697461616149146
0.49923572214892065,2.3130028947808263e-07,-3.9837251655794326e-07,15.694420776238086,3.835747623838048e-06,-3.6974610283329294
0.4992357355029361,4.136968056470336e-07,-5.793176329205174e-07,15.335622691903156,5.497362810350588e-06,-3.697460187396242
0.499235759440537,7.327239887894447e-07,-8.385061989468756e-07,14.976824705695588,7.871027711435366e-06,-3.6974589847447756
0.4992358022657648,1.2853032447597698e-06,-1.209455313705421e-06,14.618026859790705,1.126112570938687e-05,-3.6974572655333344
0.4992358786315425,2.2328675218552526e-06,-1.7399876677814952e-06,14.25922921439255,1.6100881101970924e-05,-3.6974548092316235
0.4992360141839528,3.841107347898567e-06,-2.4982696270603455e-06,13.900431855362156,2.300589746749725e-05,-3.697451302216118
0.49923625340282046,6.541955145410649e-06,-3.5813464575040754e-06,13.541634905015085,3.284925369767224e-05,-3.6974462992461987
0.4992366726748819,1.1028756647323408e-05,-5.127172456653728e-06,13.182838537364596,4.686639234011754e-05,-3.6974391695262927
0.4992374018149196,1.8400080613334554e-05,-7.33151023665779e-06,12.824042999574832,6.68009132666124e-05,-3.6974290215210073
0.49923865903370257,3.037344593186391e-05,-1.047157886274741e-05,12.465248642047639,9.510612175767032e-05,-3.6974145986790243
0.49924080700106754,4.95975246974453e-05,-1.493900207444332e-05,12.106455960448455,0.0001352219520858993,-3.6973941356234805
0.49924444151685704,8.010010930046577e-05,-2.128548944141384e-05,11.747665654143837,0.00019195287103388012,-3.697365161064845
0.4992505298281334,0.00012791899989165982,-3.0285825528969523e-05,11.388878707049283,0.00027197970805769916,-3.6973242295742192
0.4992606233718669,0.00020197334740827257,-4.302420006874197e-05,11.03009649885512,0.0003845471415397533,-3.697266559328925
0.49927718032871315,0.000315242654153563,-6.101174192171821e-05,10.671320957100832,0.0005423787555998855,-3.6971855469632953
0.4993040475639714,0.00048632779623550954,-8.634537247292906e-05,10.312554763696264,0.0007628829406403554,-3.6970721237618394
0.49934717002794893,0.0007414704833087731,-0.00012192080711787012,9.953801633323382,0.0010697249367286337,-3.6969139097817374
0.4994156191060528,0.0011171012798223562,-0.0001717157169005279,9.595066685753332,0.0014948521277729438,-3.6966941144289356
0.4995230600924294,0.001662967939004635,-0.00024116268259896656,9.236356939494353,0.0020810699198546287,-3.6963901241187473
0.49968981275668295,0.0024458615574400495,-0.00033763553258420176,8.877681960289882,0.002885272236591573,-3.6959717108092156
0.499945696940865,0.0035539048273949846,-0.0004710767670474958,8.519054704654616,0.00398243125615389,-3.6953987906350534
0.5003338952126248,0.005101292881809978,-0.000654797734342627,8.160492605572777,0.005470442271749938,-3.6946186612017495
0.500916103295682,0.0072332838808504855,-0.0009064866019996842,7.802018954216709,0.007475897692184783,-3.6935626513008173
0.5017792710300755,0.010131128091027824,-0.0012494613610601335,7.443664637397669,0.010160825069473413,-3.692142130155145
0.5030442547386409,0.014016509337140493,-0.0017142053598004359,7.085470294526394,0.013730363511181343,-3.6902438472288206
0.5048766968896723,0.01915496396842445,-0.0023402202703783903,6.727488958997196,0.018441267314031447,-3.6877246104860446
0.507500409948185,0.02585765577955441,-0.003178224919481998,6.369789245764012,0.024611012809524793,-3.684405362682873
0.5112134564058539,0.03448083806557084,-0.0042927169790928366,6.012459137949347,0.03262714404060695,-3.6800647828870967
0.5164069744316665,0.045422342858990335,-0.005764897082937814,5.655610409075531,0.04295632788797081,-3.674432623636398
0.5235865885388369,0.059114515602741356,-0.007695930664904677,5.299383692509247,0.05615240658411266,-3.6671830907400573
0.5333959613882072,0.0760131681772315,-0.010210491229085461,4.943954174870291,0.07286254697300498,-3.6579286780724733
0.5466416874165501,0.09658235343961119,-0.013460489941969273,4.589537844960692,0.09383040840881432,-3.6462149764055036
0.5643183120660721,0.12127506008551114,-0.017628851237178778,4.236398174563018,0.11989510688985842,-3.631517073140103
0.5876318047962236,0.15051026851693677,-0.022933144340596706,3.8848530437002946,0.15198466796533844,-3.613238235929847
0.6180193562934342,0.18464716945832318,-0.02962882912630921,3.535281653443748,0.19110266324536337,-3.5907116130580885
0.6571629605889014,0.22395769526427786,-0.03801182546310666,3.1881310983481934,0.2383068421826987,-3.563205671963808
0.7069939428286844,0.26859881567199667,-0.04842007315514091,2.843922203753473,0.2946788246628053,-3.5299340207264747
0.7696854714081841,0.3185862744725412,-0.061233720385933416,2.50325417736748,0.36128432435802676,-3.490070105266081
0.8476302161524295,0.3737715669559384,-0.07687356819488053,2.166807587342117,0.4391239281517836,-3.4427670428336263
0.9434007383568243,0.4338239645062189,-0.09579741260266283,1.835345168158785,0.5290751470339485,-3.3871825431660674
1.0596909582273157,0.49821927606777255,-0.11849396921690034,1.5097099780044108,0.6318272439906252,-3.322508494839868
1.1992381429883463,0.5662367978671088,-0.1454741404283055,1.1908204922141548,0.7478111814016732,-3.2480043781349153
1.3647262571317929,0.6369655504194438,-0.177259493182049,0.8796623194366692,0.8771278452678476,-3.163033238644397
1.5586731336178965,0.7093204479386963,-0.21436795337497072,0.577276369663428,1.019478416371118,-3.067098556777418
1.783305637713707,0.7820685072470791,-0.25729688556160596,0.2847434813836661,1.174101285965691,-2.9598800200466346
2.0404286453696594,0.8538646044823278,-0.3065039050434733,0.003165719935301587,1.339720178167814,-2.841265990033677
2.331295066507737,0.9232956589719983,-0.3623859519874574,-0.2663552222137634,1.51450808060127,-2.7113803910395964
2.656485129202827,0.9889315029821804,-0.4252573304060002,-0.5227418759278686,1.696071161441091,-2.5706018587308175
3.0158035425358003,1.0493801290151472,-0.495327564202655,-0.7649662525096697,1.881456059225239,-2.4195732852976386
3.4082028561512843,1.1033445427434843,-0.5726800340945516,-0.9920755043024698,2.0671828024874443,-2.2592003749448226
3.831740279407936,1.1496781395999793,-0.6572524210482547,-1.203216880520389,2.249304216735746,-2.0906384525165267
4.283573437291426,1.187435411050415,-0.748819985170661,-1.3976608314852907,2.4234911058783504,-1.9152675030989361
4.759998133220219,1.2159149048793931,-0.8469826494187014,-1.5748211499505613,2.585140876164189,-1.7346562016542555
5.256528348659667,1.2346917254418952,-0.9511567357046818,-1.734271148973482,2.7295057357730244,-1.5505164510567646
5.768015685804098,1.2436374536196984,-1.060572022820155,-1.8757550563886964,2.851835281124743,-1.3646506155679372
6.288802536381838,1.2429261547894834,-1.1742745716557952,-1.999194044478233,2.9475272824544407,-1.17889415317561
6.8129007211123,1.233026065301899,-1.2911355078174638,-2.104686592728715,3.0122798869716405,-0.9950566668968546
7.3341854400803275,1.2146775255414801,-1.4098656817331494,-2.1925031807215327,3.042238310943429,-0.8148644841829149
7.846593288648033,1.1888586745521978,-1.5290358594041527,-2.263075604685413,3.034129394451305,-0.639907729451969
8.344312924211781,1.156741252181933,-1.647101850080887,-2.3169814830864968,2.985378107570006,-0.47159449457640734
8.82195771784042,1.1196394935058946,-1.7624337652355981,-2.3549247445284305,2.8942011546164945,-0.3111141730651798
9.274711300627327,1.078955488666156,-1.8733484379303817,-2.377713060275445,2.7596741303482206,-0.15941135842045037
9.698439148273673,1.036124483968522,-1.9781439207475062,-2.3862332846059933,2.5817701316417017,-0.017170977817274263
10.089762014219682,0.9925634069403573,-2.0751349272962556,-2.381425995868512,2.361369210748934,0.1151853964638198
10.446089868213846,0.9496254299209645,-2.1626880861939783,-2.364260192585214,2.1002394694389483,0.23749278299012033
10.765617769438267,0.908562694269577,-2.239255932865992,-2.335709100705753,1.8009918502324898,0.3498268555637627
11.047287571728353,0.87049846982623,-2.3034086660371997,-2.2967279028500864,1.467011715662048,0.4524805253143523
11.290721338874855,0.8364091043369035,-2.353862832801479,-2.2482340234811407,1.1023710773776754,0.5459349713563323
11.496133715844577,0.8071152196268145,-2.389506267908255,-2.1910904117804626,0.7117258269347098,0.6308271244492775
11.664231198730873,0.7832808358198736,-2.4094187884366827,-2.1260920722695387,0.3002025347507863,0.7079155283408783
11.796106279744935,0.7654185478362066,-2.412888323966024,-2.053955915560497,-0.1267206529971739,0.7780462978295646
11.893133879017519,0.7538986069585615,-2.399422335540824,-1.9753138485617627,-0.5633347406474363,0.8421205968745239
11.956876422819446,0.748959792408833,-2.368754536638934,-1.8907089018551932,-1.0038183738788944,0.901064713622114
11.989002527004349,0.7507202674669233,-2.32084707026284,-1.8005941048549816,-1.442350778914135,0.9558034502122423
11.991222645280462,0.7591871372032236,-2.2558884143023255,-1.7053337663147694,-1.873216452977155,1.0072372069697257
11.965243389967114,0.7742640533609726,-2.1742873802787646,-1.6052067954458895,-2.2908995632653304,1.056222848818959
11.9127406566029,0.7957568223018158,-2.0766636378078394,-1.500411701951675,-2.690166665771995,1.1035582133124027
11.83535028597888,0.8233774761449182,-1.9638352392179024,-1.3910729350847264,-3.066136979339745,1.1499699622648332
11.734673851185224,0.856747624965508,-1.836803637400914,-1.2772482554699511,-3.41434002016926,1.196104392079288
11.612296306818276,0.8954020914944142,-1.6967366876640075,-1.1589368723747657,-3.730760898494845,1.2425207941114769
11.469811699606748,0.9387938121706548,-1.5449501042659701,-1.0360881177782268,-4.011873987674262,1.2896869836754727
11.30885290926065,0.9863007799159327,-1.3828878081228806,-0.9086104627546443,-4.2546659863513625,1.3379766795641632
11.131121443390555,1.0372354800828552,-1.2121015578200582,-0.7763807086167787,-4.456649601035771,1.3876684993659643
10.93841361726089,1.0908569356561801,-1.0342302056662738,-0.6392532037485352,-4.615869178751845,1.4389464242517607
10.732639966947948,1.1463851990080827,-0.850978868085765,-0.49706894726997075,-4.730899622042093,1.4919016670987635
10.515835428038496,1.203017916143273,-0.6640982488854017,-0.34966444393980084,-4.800839831858273,1.5465359394457014
10.29015861402109,1.2599484241865124,-0.47536430806885266,-0.1968801731821771,-4.82530176347022,1.6027661487787632
10.05787940046833,1.3163847065920167,-0.28655843039481643,-0.03856853151154443,-4.8043959669658,1.6604305644614528
9.82135491356998,1.3715684225070712,-0.0994482184141734,0.12539889521271155,-4.73871424118333,1.7192964680987497
9.582994884510077,1.4247931767206345,0.0842309850842119,0.29512487261759357,-4.629309783614714,1.7790692552769563
9.345218114669105,1.4754213083825514,0.2627937507905699,0.470681008206495,-4.47767499390771,1.8394028861708949
9.11040245259807,1.522898766128603,0.43462130080183775,0.652103313914562,-4.285716906986939,1.8999115003028244
8.880831168763613,1.5667676534280186,0.598177235297822,0.8393889413487958,-4.0557301101201695,1.9601819249911927
8.658638893308439,1.606675617853603,0.7520221455661136,1.032494160051516,-3.7903669460866007,2.0197867274707892
8.445760333360935,1.6423812274362104,0.8948270033905388,1.231333611909677,-3.4926048236508405,2.0782973965946168
8.243884804232893,1.6737549723207612,1.0253852112771766,1.435780832480821,-3.1657105406613013,2.1352971993547167
8.05441920681687,1.7007759989951228,1.142623196810315,1.6456699850838734,-2.8132016613405817,2.190393245857107
7.878461494903804,1.7235249519941345,1.245609439314031,1.8607987089880595,-2.438805159880312,2.243227316635155
7.716785951673643,1.7421734608650026,1.333561828893925,2.0809319420187053,-2.04641372694652,2.2934850578302415
7.569840797545504,1.7569709396963438,1.4058532769945595,2.305806543276177,-1.640040313798867,2.3409032291542986
7.437757850924333,1.7682294686450875,1.4620155232184389,2.535136515832591,-1.2237716423140577,2.385274790258566
7.320373226043349,1.776307587105764,1.5017411140611159,2.768618613903665,-0.8017215240334443,2.426451724767013
7.217257435346456,1.7815938357335672,1.5248835637060252,3.005938114894064,-0.37798489792771894,2.464345618419773
7.127752809418714,1.784490837280201,1.5314557430971325,3.2467745437759197,0.04340648972089486,2.4989261192516565
7.051015878152262,1.7854006099097328,1.5216265790806962,3.490807154522712,0.4585258792232695,2.5302175053454463
6.986062275937889,1.7847116726460683,1.4957161784612336,3.7377199991189936,0.8635899698335852,2.5582936631532887
6.931811827051266,1.7827883449929307,1.4541895205310102,3.9872064468338637,1.254993406965873,2.5832718326840034
6.88713170736732,1.779962476087308,1.3976488844831092,4.238973052546462,1.6293387868789286,2.605305503443983
6.85087592869563,1.776527676386316,1.3268251939502875,4.492742710467157,1.9834618718714259,2.624576847576872
6.821919812162119,1.7727359778958434,1.2425684689918768,4.748257066290662,2.3144519124435963,2.6412890567194762
6.799188567367911,1.768796725585815,1.1458375759030146,5.005278194645599,2.6196671772830475,2.6556589105914776
6.781679538430276,1.7648774081556695,1.0376894574444722,5.263589578091869,2.8967459851130237,2.6679098530150522
6.768478086278761,1.7611060731027153,0.9192680111603058,5.522996447766156,3.143613702578846,2.678265790007393
6.758767425808873,1.7575749389356583,0.7917927624817308,5.783325563483085,3.3584863087193586,2.686945759803835
6.7518330115322955,1.7543448140607785,0.6565474538122105,6.0444245225277795,3.53987122031136,2.694159560714633
6.7470622587784534,1.751449953391462,0.5148686425531116,6.306160691798093,3.686566117193192,2.7001043634605195
6.743940499031434,1.748903024958324,0.3681343720502629,6.568419857979502,3.797656499409417,2.704962283066628
6.742044103540659,1.7466999139512358,0.21775295176482035,6.8311046859148945,3.872512648988677,2.708898843553208
6.741031679683267,1.7448241546591854,0.06515185856017114,7.094133067267203,3.910786562247597,2.7120622376006476
6.740634163703845,1.7432508459625133,-0.08823324840526525,7.3574364310248335,3.912409270958605,2.714583263225275
6.740644517015686,1.7419499682180954,-0.24096941968066765,7.620958075401556,3.8775887927366957,2.716575809629867
6.7409075967773155,1.7408890744041348,-0.3916372405491476,7.884651568173103,3.8068087551210703,2.718137763520241
6.741310629086021,1.7400353732869347,-0.5388416130388304,8.148479250266504,3.700827538114018,2.7193522136240458
6.74177457652657,1.7393572555082006,-0.6812225090541438,8.412410866094524,3.5606775910696093,2.72028884302208
6.742246569603589,1.7388253345928373,-0.8174656919857297,8.676422334141012,3.3876644161056215,2.721005414305887
6.742693469202309,1.7384130849095434,-0.9463133816723691,8.94049466290928,3.183364584569557,2.7215492697545396
6.743096547128994,1.7380971595400967,-1.0665748111022586,9.204613010642808,2.949622076097679,2.721958786185036
6.743447213972724,1.7378574653911385,-1.1771365948147925,9.46876588218374,2.6885422088238164,2.7222647407066027
6.743743686161543,1.737677063383709,-1.2769728008727026,9.73294445282157,2.4024824677877756,2.722491558476216
6.743988464148768,1.737541950492996,-1.3651545928453135,9.997142006809835,2.0940396357088638,2.7226584262149194
6.744186487587912,1.7374407694574798,-1.440859287684108,10.26135347716677,1.7660327807478307,2.7227802654899014
6.744343837490837,1.737364482089772,-1.5033786615991251,10.525575073190819,1.4214818502117594,2.7228685676095905
6.7444668663461185,1.73730603357826,-1.5521263305327693,10.78980398258862,1.0635818442969702,2.7229320975950144
6.744561652123729,1.737260027727541,-1.5866440354827334,11.054038136028256,0.695672784171808,2.722977478360968
6.744633688719195,1.737222426422716,-1.6066066760042212,11.318276023121191,0.32120592672612425,2.7230096682980967
6.74468774200377,1.7371902809050246,-1.611825957296327,11.582516550162877,-0.05629310325695932,2.7230323462366663
6.7447278161032465,1.7371614979706949,-1.6022525462585402,11.846758931317263,-0.433263410109415,2.723048217621753
6.744757188146634,1.737134640807844,-1.5779766681125402,12.111002606237681,-0.8061491668617753,2.7230592549287707
6.744778481195035,1.7371087625974482,-1.539227115477208,12.375247178324756,-1.171440136998081,2.723066884141894
6.744793754332898,1.737083270869251,-1.4863686837118992,12.639492368901685,-1.525711309050431,2.723072127700846
6.744804596116564,1.7370578202753144,-1.4198980873377618,12.903737983525392,-1.8656606311201072,2.7230757128403895
6.744812212967822,1.7370322306789407,-1.3404384499226443,13.167983887447745,-2.188143949610083,2.7230781528057277
6.7448175079688415,1.7370064268433998,-1.248732491757869,13.432229987901701,-2.4902064251752254,2.7230798070932996
6.7448211481569,1.7369803957654668,-1.1456345641928296,13.696476221425394,-2.769109905944781,2.72308092567879
6.744823620117844,1.7369541578153354,-1.0321016954312219,13.960722544867739,-3.022355967378024,2.723081681169032
6.744825274681675,1.7369277482138266,-0.9091838194002635,14.224968929058399,-3.24770456203935,2.723082191952628
6.7448263620384346,1.736901205919406,-0.7780133571495996,14.489215354387827,-3.4431884433394355,2.7230825387160515
6.744827058779755,1.7368745675691508,-0.639794309963764,14.753461807744374,-3.6071237183825895,2.7230827761220113
6.74482748835514,1.736847864687976,-0.4957910064249551,15.017708280407051,-3.738117032582955,2.723082940996514
6.744827736299854,1.7368211228728088,-0.3473166239607476,15.28195476660572,-3.8350699824519587,2.7230830580211656
6.744827861405559,1.7367943620638095,-0.19572158118818572,15.546201262543587,-3.897181387187345,2.7230831436596903
6.7448279038044285,1.736767597326719,-0.04238187298467411,15.810447765737495,-3.92394802358781,2.723083208845979
6.744827890746173,1.7367408397977266,0.11131260202423932,16.074694274575013,-3.9151643464901182,2.7230832608110833
6.744827840677363,1.7367140975984472,0.2639696899233053,16.338940788018434,-3.8709215870621465,2.7230833043165523
6.74482776608936,1.7366873766298003,0.41420658651316933,16.603187305407673,-3.7916064564142555,2.723083342481745
6.744827675484408,1.7366606812144116,0.5606613848076268,16.867433826329222,-3.677899497457963,2.723083377335594
6.744827574717659,1.7366340145904136,0.7020045489735325,17.131680350529265,-3.5307729406580344,2.7230834101827583
6.744827467902276,1.7366073792751404,0.8369502895617249,17.39592687785576,-3.351487746402041,2.7230834418456524
6.744827358011705,1.736580777322358,0.9642677995449507,17.660173408219933,-3.1415893740727197,2.7230834728240594
6.744827247273998,1.7365542104962373,1.0827922905751972,17.92441994157034,-2.9029017189944346,2.7230835034004346
6.744827137424778,1.736527680382367,1.1914357459162914,18.1886664778754,-2.637518613097653,2.723083533709646
6.744827029865014,1.7365011884524093,1.2891972829189788,18.452913017111438,-2.3477922988698756,2.723083563785631
6.744826925755678,1.736474736095528,1.375172996025677,18.71715955925453,-2.036318359537932,2.7230835935931452
6.744826826071321,1.736448324626739,1.4485651333881255,18.98140610427492,-1.7059167171108633,2.723083623049965
6.744826731627726,1.7364219552800124,1.5086904482584669,19.24565265213327,-1.359608484937462,2.7230836520429658
6.744826643094101,1.7363956291922158,1.5549875619475395,19.50989920277826,-1.0005886699080841,2.7230836804402605
6.744826560996925,1.7363693473826043,1.5870231793427012,19.774145756145273,-0.6321949455711193,2.7230837081007544
6.744826485720403,1.7363431107315654,1.6044970110964702,20.038392312155853,-0.2578729438322838,2.7230837348819055
6.74482641750676,1.7363169199614683,1.6072452783009978,20.302638870717946,0.11886127805544344,2.723083760646155
6.744826356458275,1.7362907756217556,1.5952427047459476,20.566885431726554,0.49446076320319043,2.7230837852662604
6.744826302542567,1.736264678079715,1.5686029371173456,20.831131995065046,0.8653882137315987,2.723083808629647
6.74482625560119,1.7362386275178134,1.5275773726597215,21.095378560606704,1.228156552451556,2.7230838306418086
6.744826215361959,1.7362126239378612,1.4725524145122713,21.35962512821661,1.5793684507211556,2.7230838512287714
6.744826181454149,1.7361866671717399,1.404045214640197,21.62387169775374,1.9157538423794784,2.72308387033864
6.744826153426359,1.7361607568980442,1.3226980005905706,21.88811826907311,2.234204559656659,2.7230838879422383
6.744826130765762,1.7361348926635545,1.229271113051827,22.152364842028028,2.531805393068182,2.723083904032903
6.744826112918073,1.7361090739082643,1.1246349046676278,22.416611416472186,2.805861080504362,2.7230839186255014
6.74482609930724,1.7360832999925062,1.0097606655982438,22.6808579922617,3.053918955201496,2.7230839317547826
6.744826089353945,1.7360575702247152,0.8857107474381579,22.945104569256937,3.2737872107009443,2.723083943473177
6.744826082492306,1.7360318838884425,0.7536280544749964,23.209351147324107,3.4635489558445953,2.7230839538481852
6.744826078184039,1.7360062402673766,0.6147250607609804,23.47359772633657,3.621572418212114,2.7230839629595054
6.744826075929877,1.7359806386673888,0.470272494496692,23.737844306175916,3.7465177966704832,2.723083970896032
6.744826075277974,1.735955078434892,0.3215878096913924,24.00209088673267,3.8373413530389575,2.7230839777528817
6.7448260758292085,1.735929558971074,0.17002354115869722,24.266337467906773,3.8932973638564796,2.723083983628537
6.744826077239859,1.7359040797418857,0.016955614944038078,24.530584049607796,3.913938525279389,2.7230839886222395
6.744826079221482,1.7358786402839048,-0.1362283354977104,24.794830631754866,3.899115321469511,2.723083992831679
6.744826081538939,1.7358532402064237,-0.2881406146630372,25.05907721427645,3.8489747381433945,2.7230839963510576
6.744826084006567,1.735827879190274,-0.4374050510527889,25.323323797109925,3.7639585406515446,2.7230839992695324
6.744826086483222,1.735802556983983,-0.5826685081660752,25.587570380201022,3.644801155154082,2.7230840016700566
6.744826088866634,1.7357772733979522,-0.7226123026052121,25.851816963503197,3.492527008738291,2.7230840036285913
6.744826091087406,1.7357520282972887,-0.8559635024626265,26.116063546976925,3.3084470163936213,2.7230840052136687
6.744826093103056,1.7357268215939208,-0.9815060641286903,26.38031013058895,3.0941537651029463,2.7230840064862485
6.744826094892403,1.7357016532385035,-1.098091746044246,26.644556714311594,2.8515148509239747,2.7230840074998346
6.744826096450462,1.7356765232125908,-1.2046507156156008,26.90880329812201,2.5826637832748434,2.7230840083007863
6.744826097783927,1.7356514315213571,-1.3002017426931816,27.173049882001525,2.2899878868275225,2.7230840089287804
6.744826098907438,1.7356263781871126,-1.383861851976482,27.437296465935017,1.9761127058085948,2.7230840094173727
6.744826099840484,1.7356013632437457,-1.4548552896552098,27.70154304991036,1.6438825436396336,2.7230840097946176
6.744826100604984,1.7355763867321197,-1.5125216484730457,27.96578963391789,1.2963369437556678,2.7230840100837135
6.744826101223481,1.7355514486964105,-1.5563229917214407,28.23003621795001,0.9366831223637972,2.7230840103036296
6.744826101717888,1.7355265491813374,-1.5858498213942274,28.494282802000765,0.5682645853119788,2.7230840104697216
6.744826102108576,1.7355016882301493,-1.600825749174638,28.75852938606555,0.19452638207333253,2.723084010594289
6.744826102413874,1.7354768658833009,-1.6011107507246018,29.02277597014082,-0.18102234708017584,2.7230840106870877
6.744826102649893,1.7354520821776576,-1.586702912888557,29.287022554223885,-0.5548477052635641,2.7230840107557794
6.7448261028304195,1.7354273371461333,-1.5577386183199065,29.551269138312694,-0.9234313067331948,2.7230840108063274
6.744826102967035,1.7354026308176422,-1.514491150642999,29.815515722405735,-1.2833104647857576,2.7230840108433267
6.744826103069281,1.7353779632172888,-1.4573677432389924,30.079762306501845,-1.6311172826502003,2.7230840108702914
6.744826103144915,1.735353334366354,-1.3869051336433458,30.344008890600207,-1.9636156887030083,2.7230840108898837
6.744826103200095,1.735328744284005,-1.3037637210036293,30.6082554747002,-2.277735573425114,2.723084010904106
6.744826103239687,1.735304192985749,-1.2087204539770307,30.872502058801373,-2.570603350092211,2.723084010914453
6.744826103267457,1.7352796804851867,-1.102660599188951,31.136748642903406,-2.839568461376806,2.7230840109220327
6.744826103286266,1.735255206794064,-0.9865685548296359,31.40099522700607,-3.0822255742835547,2.7230840109276637
6.744826103298279,1.7352307719226356,-0.8615178796781318,31.665241811109222,-3.2964324291790628,2.723084010931948
6.744826103305088,1.735206375879954,-0.7286607050245233,31.92948839521274,-3.4803235181328467,2.7230840109353283
6.744826103307847,1.7351820186741385,-0.5892166864680064,32.19373497931655,-3.632319947727771,2.723084010938132
6.744826103307395,1.735157700312576,-0.44446163582065124,32.457981563420624,-3.751135978894509,2.723084010940601
6.7448261033042805,1.7351334208021023,-0.29571595220810626,32.72222814752493,-3.8357828217658563,2.72308401094292
6.744826103298887,1.7351091801491334,-0.14433294807778307,32.98647473162944,-3.8855702919675075,2.7230840109452306
6.744826103291467,1.7350849783597817,0.00831285754180322,33.250721315734204,-3.900106905806631,2.723084010947644
6.744826103282151,1.7350608154399492,0.16083742736257722,33.51496789983919,-3.8792989098285657,2.723084010950256
6.744826103271033,1.7350366913953992,0.3118588416345137,33.77921448394446,-3.8233486138346295,2.723084010953142
6.744826103258145,1.7350126062318258,0.46000885875533126,34.04346106805002,-3.732752237920443,2.7230840109563736
6.74482610324352,1.7349885599548982,0.6039443828699972,34.30770765215591,-3.6082973082092544,2.7230840109600143
6.744826103227172,1.7349645525703163,0.7423588185144052,34.57195423626218,-3.4510594588915,2.723084010964119
6.744826103209149,1.734940584083851,0.873993283541981,34.836200820368866,-3.2623983361706124,2.723084010968742
6.744826103189491,1.7349166545013746,0.997647636952459,35.100447404476036,-3.043952167730281,2.723084010973929
6.744826103168297,1.7348927638288951,1.112191259248763,35.36469398858374,-2.7976304718839042,2.7230840109797207
6.7448261031456935,1.7348689120725789,1.2165735014355683,35.628940572692024,-2.5256043426566093,2.723084010986152
6.744826103121848,1.7348450992390951,1.3098336968684952,35.89318715680097,-2.230293765462309,2.723084010993245
6.7448261030969725,1.7348213253342908,1.391110610090066,36.15743374091065,-1.9143514929063825,2.7230840110010175
6.744826103071327,1.7347975903651611,1.4596511806847319,36.421680325021114,-1.5806431370194145,2.723084011009472
6.744826103045207,1.7347738943385407,1.5148184099229627,36.68592690913241,-1.232223304016863,2.7230840110186
6.744826103018928,1.7347502372614048,1.5560982349937558,36.95017349324464,-0.8723077979441761,2.723084011028378
6.744826102992857,1.7347266191408286,1.58310524084952,37.21442007735785,-0.5042421351192496,2.72308401103877
6.74482610296736,1.7347030399839514,1.5955870733838433,37.4786666614721,-0.131466825512487,2.723084011049726
6.744826102942799,1.7346794997979282,1.5934274394512762,37.74291324558743,0.24251992657664423,2.7230840110611805
6.744826102919529,1.734655998589873,1.5766476081063558,38.0071598297039,0.6142012873732615,2.7230840110730568
6.744826102897888,1.7346325363668096,1.5454063618173,38.27140641382154,0.980081692265994,2.723084011085265
6.7448261028781795,1.7346091131356176,1.499998384293456,38.535652997940375,1.3367265853826331,2.7230840110977086
6.744826102860636,1.7345857289029813,1.4408511106721176,38.799899582060426,1.680801006471822,2.7230840111102808
6.744826102845462,1.734562383675351,1.3685201037597035,39.0641461661817,2.0091060910866174,2.7230840111228733
6.744826102832792,1.734539077458917,1.283683054524582,39.3283927503042,2.3186126654245145,2.723084011135376
6.744826102822673,1.7345158102595815,1.187132534074648,39.592639334427886,2.606491279228145,2.723084011147678
6.744826102815101,1.7344925820829598,1.0797676463301433,39.85688591855277,2.870138216243348,2.7230840111596777
6.744826102810007,1.7344693929343895,0.962584744478433,40.12113250267879,3.1071972366631875,2.7230840111712777
6.744826102807262,1.7344462428189418,0.8366673796549575,40.38537908680591,3.3155770232513477,2.7230840111823906
6.744826102806686,1.734423131741461,0.7031756473659748,40.64962567093409,3.493464505974039,2.7230840111929426
6.744826102808052,1.7344000597065967,0.5633350868086586,40.91387225506326,3.6393344138877657,2.7230840112028725
6.7448261028111,1.7343770267185366,0.41842527185164846,41.17811883919337,3.7519555352191833,2.7230840112121335
6.74482610281556,1.7343540327823368,0.2697682118365082,41.44236542332433,3.830394248077839,2.723084011220693
6.744826102821142,1.7343310779020331,0.11871665763969574,41.7066120074561,3.874015910348256,2.723084011228533
6.7448261028275684,1.734308162081981,-0.03335761421684191,41.97085859158859,3.8824846678751155,2.7230840112356507
6.744826102834561,1.7342852853265815,-0.18507548709671795,42.23510517572174,3.8557621594869245,2.7230840112420545
6.744826102841886,1.7342624476403052,-0.3350621235690797,42.49935175985547,3.794105474249297,2.7230840112477654
6.744826102849305,1.7342396490277276,-0.4819584936567418,42.76359834398973,3.698064562575161,2.723084011252813
6.744826102856625,1.7342168894935401,-0.6244327917552845,43.02784492812445,3.5684791328611865,2.723084011257236
6.744826102863701,1.7341941690425706,-0.7611917198511751,43.29209151225956,3.406474894847308,2.7230840112610766
6.744826102870389,1.7341714876797787,-0.8909916061221868,43.55633809639504,3.213458855583082,2.723084011264384
6.744826102876619,1.734148845410251,-1.012649313909874,43.820584680530786,2.9911132481306812,2.723084011267207
6.744826102882315,1.7341262422391945,-1.125052877812843,44.0848312646668,2.7413875889006607,2.723084011269596
6.744826102887446,1.734103678171923,-1.2271717830667355,44.349077848803034,2.466488325350434,2.723084011271601
6.744826102892013,1.7340811532138405,-1.3180667835140967,44.61332443293944,2.1688655561066144,2.7230840112732704
6.7448261028960115,1.734058667370419,-1.3968991344726664,44.877571017075994,1.85119638033371,2.723084011274649
6.744826102899478,1.7340362206471878,-1.4629391017408158,45.141817601212665,1.516364557779823,2.7230840112757777
6.744826102902441,1.7340138130497103,-1.515573598627689,45.406064185349436,1.1674363266294374,2.723084011276696
6.744826102904952,1.7339914445835682,-1.554312800643186,45.67031076948629,0.8076324208419027,2.7230840112774364
6.7448261029070515,1.733969115254353,-1.5787955931771056,45.93455735362322,0.44029653729772456,2.7230840112780292
6.74482610290879,1.7339468250676542,-1.5887937213775736,46.19880393776019,0.06886070973495538,2.723084011278501
6.74482610291021,1.7339245740290412,-1.5842145331118904,46.4630505218972,-0.30319176496136946,2.723084011278874
6.74482610291136,1.7339023621440688,-1.5651022343544465,46.72729710603424,-0.6723650468514876,2.723084011279166
6.7448261029122865,1.733880189418266,-1.5316376100584923,46.99154369017131,-1.035190207610898,2.7230840112793944
6.744826102913016,1.733858055857135,-1.4841362005782925,47.25579027430841,-1.38826445135933,2.723084011279572
6.744826102913588,1.7338359614661498,-1.423044961800545,47.52003685844551,-1.7282891350533445,2.7230840112797083
6.744826102914024,1.7338139062507523,-1.348937474016708,47.78428344258263,-2.0521056820097194,2.7230840112798145
6.744826102914356,1.7337918902163614,-1.2625077980132802,48.048530026719746,-2.356728595932981,2.7230840112798953
6.7448261029145975,1.7337699133683684,-1.1645631049350083,48.312776610856886,-2.639374941378525,2.7230840112799584
6.744826102914762,1.7337479757121355,-1.0560152276652501,48.57702319499402,-2.897489847550455,2.7230840112800063
6.744826102914866,1.733726077253007,-0.9378712947812665,48.84126977913117,-3.128767800944474,2.723084011280044
6.744826102914917,1.7337042179963,-0.8112236131993978,49.10551636326831,-3.3311697026289826,2.7230840112800734
6.744826102914914,1.7336823979473142,-0.6772389626730362,49.36976294740545,-3.5029358620387443,2.723084011280098
6.7448261029148755,1.7336606171113318,-0.5371474551909645,49.6340095315426,-3.6425952665430366,2.7230840112801182
6.7448261029147885,1.7336388754936145,-0.39223109641249143,49.89825611567976,-3.7489715927877016,2.723084011280136
6.744826102914656,1.7336171730994092,-0.24381216633945313,50.16250269981691,-3.821186503412137,2.7230840112801524
6.744826102914484,1.7335955099339497,-0.09324151448765261,50.42674928395407,-3.858660796836818,2.723084011280169
6.744826102914258,1.7335738860024503,0.058113157008939376,50.69099586809122,-3.861113948453074,2.723084011280187
6.744826102913986,1.7335523013101177,0.20887896862762795,50.95524245222837,-3.828562503142657,2.723084011280207
6.7448261029136525,1.733530755862148,0.3576894590878778,51.21948903636553,-3.7613176599990568,2.723084011280231
6.744826102913262,1.7335092496637219,0.503196073980822,51.4837356205027,-3.6599822420658525,2.7230840112802612
6.744826102912798,1.7334877827200146,0.6440795243829762,51.747982204639854,-3.5254470807990086,2.7230840112802994
6.744826102912264,1.7334663550361915,0.7790609903912602,52.01222878877704,-3.358886681910577,2.7230840112803483
6.744826102911658,1.7334449666174165,0.906913136329702,52.276475372914206,-3.1617538913086634,2.7230840112804104
6.744826102910969,1.7334236174688444,1.026470890920267,52.54072195705138,-2.9357731607818724,2.7230840112804806
6.744826102910199,1.7334023075956329,1.1366419283439753,52.80496854118858,-2.682931934263978,2.7230840112805446
6.744826102909349,1.733381037002934,1.2364167665902082,53.069215125325776,-2.4054696450182775,2.72308401128056
6.744826102908412,1.7333598056959068,1.3248783797878638,53.333461709462966,-2.105863835985338,2.723084011280439
6.744826102907404,1.7333386136797084,1.4012112033937956,53.597708293600135,-1.786812989600601,2.7230840112800165
6.744826102906331,1.7333174609595003,1.464709397149021,53.86195487773723,-1.4512157750385128,2.723084011279024
6.744826102905196,1.733296347540453,1.5147842223101746,54.1262014618742,-1.1021465815224916,2.7230840112770656
6.744826102904003,1.7332752734277352,1.550970388128748,54.39044804601091,-0.7428273941858935,2.723084011273608
6.744826102902789,1.7332542386265235,1.5729312286751729,54.6546946301472,-0.3765962697392656,2.7230840112679844
6.744826102901559,1.7332332431419921,1.5804625850946346,54.91894121428279,-0.006872867429756053,2.72308401125936
6.744826102900338,1.7332122869793194,1.573495289833142,55.183187798417364,0.3628783289648118,2.7230840112465104
6.744826102899141,1.73319137014368,1.5520961772991153,55.44743438255041,0.729186314226687,2.7230840112270434
6.7448261028979895,1.7331704926402391,1.5164675783311368,55.71168096668104,1.08861250166802,2.723084011195296
6.744826102896921,1.733149654474159,1.466945291836222,55.97592755080748,1.4377893595422093,2.7230840111374106
6.744826102895933,1.7331288556505813,1.4039950639086287,56.24017413492585,1.7734578075062197,2.7230840110210575
6.744826102895061,1.7331080961746352,1.3282076404227674,56.5044207190275,2.0925024968178443,2.723084010775664
6.744826102894311,1.7330873760514278,1.240292491397883,56.768667303093785,2.391984209394277,2.723084010257066
6.744826102893697,1.7330666952860432,1.1410703325023572,57.03291388708627,2.669168764996261,2.723084009187945
6.74482610289324,1.7330460538835344,1.0314645894538919,57.29716047092977,2.9215520106774857,2.7230840070624347
6.744826102892928,1.73302545184893,0.9124919638475659,57.56140705448347,3.1468806680035595,2.7230840029993715
6.744826102892771,1.733004889187229,0.7852522637595671,57.82565363749495,3.3431690160357923,2.723083995523099
6.744826102892767,1.732984365903399,0.6509176595863122,58.089900219528104,3.5087115764712102,2.7230839822416755
6.744826102892901,1.7329638820023798,0.5107215158158203,58.35414679985334,3.6420921277823375,2.7230839593772225
6.744826102893168,1.7329434374890893,0.36594693411716744,58.61839337728234,3.742189496334594,2.723083921077971
6.7448261028935494,1.7329230323684182,0.21791512398331014,58.88263994992162,3.808180646265013,2.7230838584019224
6.744826102894026,1.7329026666452414,0.06797369611900161,59.14688651480512,3.8395416123411477,2.723083757803112
6.744826102894591,1.7328823403244162,-0.08251504714908497,59.41113306734665,3.8360467912871017,2.723083598869329
6.744826102895213,1.73286205341079,-0.23218576901694238,59.67537960052305,3.7977670315489593,2.7230833509524945
6.744826102895884,1.7328418059091997,-0.3796816625888316,59.9396261036588,3.725066847341725,2.723082968200097
6.744826102896574,1.7328215978244783,-0.523665892253926,60.20387256062688,3.6186009413306106,2.723082382341585
6.744826102897273,1.732801429161456,-0.6628328860073763,60.46811894721138,3.4793100648642676,2.7230814924146363
6.744826102897965,1.7327812999249628,-0.7959194507474846,60.732365227288795,3.3084160897709074,2.723080150444078
6.744826102898637,1.7327612101198322,-0.9217156748377793,60.996611347382434,3.1074160257132615,2.7230781419261416
6.744826102899277,1.7327411597508968,-1.039075569504,61.260857229026065,2.878074605067373,2.7230751598401652
6.744826102899875,1.7327211488229937,-1.1469273842570802,61.52510275824455,2.622414984008232,2.723070770825188
6.744826102900429,1.73270117734096,-1.2442835131714731,61.78934777132537,2.3427070815184816,2.723064372129192
6.7448261029009355,1.732681245309636,-1.330249890404143,62.053592035920126,2.041453101132448,2.72305513795981
6.744826102901388,1.732661352733864,-1.4040347567801292,62.317835226384354,1.7213698529984451,2.7230419539173374
6.744826102901788,1.73264149961848,-1.4649566664662819,62.58207689213827,1.3853676117754965,2.7230233382440883
6.744826102902138,1.7326216859683228,-1.5124515953236404,62.84631641770959,1.0365254006822422,2.7229973486515098
6.744826102902447,1.7326019117882223,-1.5460790117004026,63.11055297299922,0.6780627722600769,2.7229614734849004
6.744826102902708,1.7325821770830059,-1.5655267769365577,63.37478545218994,0.3133083484496655,2.722912505994134
6.744826102902934,1.7325624818571725,-1.5706147568726374,63.63901239960304,-0.054334428367719186,2.7228464005818886
6.744826102903116,1.7325428261161804,-1.561297046781752,63.903231920711264,-0.42142371035428144,2.7227581102176712
6.744826102903266,1.7325232098645076,-1.5376627394142328,64.16744157646642,-0.7845170619929369,2.7226414048596816
6.744826102903393,1.732503633106947,-1.4999351978121884,64.43163825913295,-1.1402098194112817,2.722488671796578
6.74482610290349,1.7324840958482846,-1.448469829399687,64.69581804797572,-1.4851730819927365,2.722290700308297
6.744826102903576,1.7324645980932898,-1.3837503935352813,64.95997604346735,-1.8161904328738707,2.7220364548520033
6.744826102903638,1.7324451398467287,-1.3063839091104863,65.22410617918064,-2.1301925442895326,2.7217128429051463
6.744826102903691,1.73242572111335,-1.2170942598709378,65.48820101121335,-2.4242889320243095,2.721304485380941
6.744826102903724,1.7324063418978932,-1.1167146211622239,65.75225148582936,-2.6957962720744693,2.7207934989076814
6.744826102903752,1.7323870022050896,-1.006178851387708,66.01624668694222,-2.9422628705196083,2.720159300008812
6.744826102903769,1.7323677020396566,-0.8865120037350128,66.28017356604668,-3.161489070891409,2.7193784412279665
6.744826102903782,1.7323484414063026,-0.7588201183641059,66.54401665814903,-3.351543577322198,2.718424488547671
6.744826102903781,1.7323292203097242,-0.6242794525117287,66.80775778809833,-3.510775851944412,2.717267948194304
6.744826102903779,1.7323100387546075,-0.4841252966587869,67.07137577243198,-3.6378248982257295,2.715876249344425
6.744826102903767,1.7322908967456319,-0.33964051030579556,67.3348461224034,-3.731624857390991,2.71421378759679
6.7448261029037475,1.732271794287462,-0.19214389264407994,67.59814075425527,-3.7914079152645157,2.7122420324977927
6.744826102903723,1.7322527313847524,-0.04297848335694909,67.86122771305267,-3.816705038031015,2.7099197009672085
6.744826102903691,1.732233708042151,0.10650013113760615,68.1240709165039,-3.807345027881256,2.7072029970903095
6.744826102903651,1.7322147242642947,0.254935448647169,68.38662992517138,-3.7634523175800743,2.7040459172364235
6.7448261029036,1.7321957800558077,0.40098157640654064,68.64885974529311,-3.685443814555481,2.7004006177091844
6.744826102903533,1.7321768754213103,0.5433146171641305,68.91071067006641,-3.5740249709574465,2.6962178400490973
6.74482610290346,1.7321580103654077,0.6806438868509961,69.17212816466042,-3.4301851090872617,2.691447386749631
6.744826102903367,1.7321391848926997,0.8117229327976642,69.43305279940873,-3.2551918854343542,2.6860386377828216
6.74482610290327,1.7321203990077767,0.9353603142473805,69.69342023459696,-3.050584644906687,2.6799410962342125
6.744826102903144,1.7321016527152193,1.050430095030658,69.95316125905002,-2.8181663120834974,2.6731049498491455
6.744826102903011,1.7320829460196017,1.1558819829753861,70.2122018834059,-2.559993398587297,2.6654816346653583
6.744826102902859,1.7320642789254883,1.250751033528846,70.47046348762771,-2.2783636820328366,2.657024387160732
6.744826102902685,1.7320456514374378,1.3341668179694375,70.7278630210363,-1.97580113589002,2.647688772435106
6.744826102902502,1.7320270635600026,1.4053619413509881,70.98431325201064,-1.6550377604924194,2.637433177627903
6.7448261029022945,1.7320085152977278,1.4636797837189048,71.239723063547,-1.318992078925279,2.6262192616918543
6.744826102902067,1.7319900066551521,1.508581331688594,71.49399779009865,-0.970744209660535,2.614012354593574
6.744826102901835,1.731971537636808,1.5396509673336791,71.74703959052958,-0.6135075996520913,2.6007818007250973
6.744826102901587,1.7319531082472226,1.5566010881740908,71.99874785157789,-0.2505976841669799,2.586501242728632
6.744826102901328,1.731934718490918,1.559275446028901,72.249019615916,0.1146020811230174,2.5711488431498517
6.744826102901066,1.7319163683727297,1.5476511132011643,72.49775002869293,0.4786762082605927,2.5547074423722775
6.744826102900809,1.731898057896525,1.521839010962235,72.74483279634609,0.8382144457447466,2.5371646523737548
6.744826102900544,1.7318797870671245,1.4820829662151935,72.99016065148118,1.1898494966212554,2.5185128870424722
6.7448261029002925,1.7318615558890202,1.4287572958054555,73.23362581775245,1.530294310637958,2.4987493310998126
6.744826102900058,1.7318433643666962,1.3623629522612437,73.47512046894302,1.8563780824208314,2.4778758511180135
6.7448261028998395,1.7318252125046283,1.2835222977754914,73.71453717684818,2.165080145668631,2.4558988534734105
6.7448261028996495,1.7318071003072797,1.192972603068149,73.95176934309337,2.4535610577799316,2.4328290952636324
6.744826102899482,1.7317890277791022,1.0915583927237442,74.18671161064665,2.7191903120810013,2.4086814550792472
6.7448261028993475,1.731770994924538,0.9802227773882128,74.4192602514765,2.95957028494377,2.383474670941288
6.744826102899252,1.731753001748015,0.8599979250088715,74.6493135275204,3.17255620957277,2.357231052752828
6.744826102899185,1.731735048253944,0.7319948278208646,74.87677202282622,3.356272153148772,2.3299761762425297
6.744826102899152,1.7317171344467273,0.597392519277655,75.10153894537792,3.5091231455849714,2.301738564766432
6.744826102899161,1.7316992603307504,0.45742688636436457,75.32352039770015,3.629803753922441,2.2725493645884174
6.744826102899204,1.7316814259103839,0.31337920893913834,75.5426256158435,3.7173035062054183,2.2424420184806566
6.74482610289928,1.7316636311899882,0.16656454047699143,75.75876717679064,3.7709096354632314,2.2114519418046177
6.7448261028993794,1.731645876173909,0.018320025608053903,75.97186117469613,3.790207634733252,2.17961620464145
6.744826102899509,1.7316281608664794,-0.13000676902697728,76.18182736669898,3.775080088286832,2.146973223082168
6.744826102899656,1.7316104852720229,-0.2770694511017534,76.38858928932898,3.725704176532908,2.1135624624093134
6.74482610289982,1.7315928493948505,-0.4215342802746589,76.59207434677681,3.64254815002,2.079424154559928
6.744826102899997,1.7315752532392663,-0.562091490531887,76.79221387251451,3.5263669418197794,2.0445990319269036
6.744826102900182,1.7315576968095665,-0.6974664244772268,76.9889431659339,3.3781969495139696,2.0091280791770676
6.744826102900369,1.7315401801100352,-0.8264304453610194,77.18220150581499,3.199349881059941,1.9730523043599855
6.744826102900554,1.731522703144952,-0.9478115860284546,77.37193214253803,2.9914054358383577,1.936412530133445
